{
  "databaseMysqlHost": "{{$global.env.REDMINE_DB_MYSQL}}",
  "databaseName": "{{$global.env.REDMINE_DB_NAME}}",
  "databasePassword": "{{$global.env.REDMINE_DB_PASSWORD}}",
  "databasePostgresHost": "{{$global.env.REDMINE_DB_POSTGRES}}",
  "databaseServerPort": "{{$global.env.REDMINE_DB_PORT_NUMBER}}",
  "databaseUser": "{{$global.env.REDMINE_DB_USERNAME}}",
  "email": "{{$global.env.REDMINE_EMAIL}}",
  "language": "{{$global.env.REDMINE_LANGUAGE}}",
  "password": "{{$global.env.REDMINE_PASSWORD}}",
  "smtpHost": "{{$global.env.SMTP_HOST}}",
  "smtpPassword": "{{$global.env.SMTP_PASSWORD}}",
  "smtpPort": "{{$global.env.SMTP_PORT}}",
  "smtpTls": "{{$global.env.SMTP_TLS}}",
  "smtpUser": "{{$global.env.SMTP_USER}}",
  "username": "{{$global.env.REDMINE_USERNAME}}"
}